,UtMassaQuis.txt,false,,,6,16
,Cursus.pdf,true,,,6,3
,FusceLacusPurus.mpeg,false,,,4,5
,QuisqueArcu.avi,false,,,,4
,Ut.mp3,false,,,2,
,IpsumPraesentBlandit.xls,true,,,5,8
,PortaVolutpat.tiff,false,,,1,15
,Congue.avi,false,,,4,5
,EuEstCongue.mp3,false,,,2,13
,DapibusNullaSuscipit.mov,true,,,2,7
,JustoNec.doc,false,,,6,12
,HacHabitassePlatea.txt,true,,,6,
,AtVelit.mp3,false,,,4,11
,AmetLobortisSapien.ppt,true,,,3,9
,ASuscipitNulla.avi,false,,,1,15
,Tincidunt.png,true,,,2,16
,Nunc.ppt,true,,,5,8
,Primis.mp3,true,,,2,6
,HabitassePlateaDictumst.avi,false,,,4,4
,LacusMorbiQuis.txt,false,,,5,15
,Nulla.mp3,false,,,2,14
,MaurisEnim.xls,false,,,4,18
,LeoPellentesqueUltrices.mpeg,false,,,3,
,Imperdiet.ppt,false,,,4,1
,EgetTempusVel.ppt,false,,,3,1
,PurusAliquet.jpeg,true,,,2,11
,Condimentum.mp3,true,,,5,16
,Blandit.avi,false,,,6,15
,QuamAOdio.mp3,false,,,5,
,ErosElementumPellentesque.xls,false,,,6,11
,Venenatis.avi,true,,,3,5
,Sagittis.avi,true,,,2,6
,EuMiNulla.pdf,false,,,6,18
,RutrumRutrum.avi,true,,,4,17
,CommodoPlaceratPraesent.avi,true,,,1,14
,Metus.avi,true,,,3,7
,Sodales.tiff,false,,,5,17
,Molestie.xls,true,,,1,2
,IdOrnare.gif,true,,,6,6
,ConsequatLectus.ppt,true,,,4,9
,HacHabitasse.jpeg,false,,,6,6
,BlanditUltrices.ppt,true,,,,9
,TempusSemperEst.mp3,true,,,5,7
,AnteIpsum.avi,false,,,1,2
,CubiliaCuraeNulla.mp3,false,,,,13
,Rutrum.pdf,true,,,4,2
,BibendumFelis.tiff,false,,,6,15
,BlanditNamNulla.avi,true,,,6,4
,RhoncusDui.mp3,false,,,3,16
,EleifendQuamA.mp3,false,,,2,1
,PlaceratAnte.xls,false,,,3,14
,Sapien.xls,true,,,1,17
,UltricesPosuere.mp3,false,,,4,7
,SapienIaculisCongue.mp3,true,,,6,17
,Turpis.png,true,,,5,6
,SitAmet.pdf,true,,,1,3
,EratNullaTempus.pdf,false,,,5,9
,MetusAeneanFermentum.ppt,false,,,1,13
,NecDuiLuctus.png,true,,,6,11
,SodalesScelerisqueMauris.avi,false,,,4,6
,VolutpatConvallis.jpeg,false,,,1,17
,Felis.mp3,true,,,2,15
,Curae.tiff,true,,,1,7
,SemPraesent.pdf,false,,,6,9
,InHac.pdf,false,,,4,18
,Sit.txt,true,,,6,7
,MaecenasLeo.doc,true,,,2,5
,DuiMaecenasTristique.avi,false,,,6,4
,Elementum.jpeg,true,,,2,16
,Ligula.mp3,true,,,5,7
,MorbiNon.avi,false,,,6,14
,A.ppt,true,,,2,8
,DictumstMaecenasUt.txt,false,,,6,9
,EgetNuncDonec.tiff,false,,,4,2
,JustoEtiamPretium.xls,false,,,5,10
,SedLacus.avi,false,,,3,6
,LoremVitae.ppt,true,,,1,6
,Donec.png,false,,,6,17
,Penatibus.avi,true,,,6,7
,NecCondimentum.ppt,true,,,2,8
,Diam.xls,true,,,3,14
,QuisqueErat.avi,false,,,,9
,VelIpsumPraesent.mp3,false,,,6,15
,Erat.jpeg,true,,,3,12
,JustoLacinia.avi,true,,,1,9
,Feugiat.jpeg,false,,,5,6
,SuscipitAFeugiat.avi,true,,,6,3
,EratIdMauris.txt,true,,,4,3
,Eros.xls,true,,,3,14
,Aenean.mov,true,,,1,9
,SedNisl.avi,true,,,6,18
,Quis.avi,false,,,4,7
,Tortor.mp3,false,,,3,4
,MiInteger.doc,true,,,4,12
,IntegerPedeJusto.ppt,false,,,6,7
,NullaDapibusDolor.avi,false,,,6,13
,Aliquam.mpeg,false,,,1,15
,Donec.mpeg,true,,,1,5
,Tristique.mov,false,,,6,12
,Luctus.gif,false,,,5,7