,Monitored needs-based standardization,Safety hazard,1,true,{},2015-05-02 16:45:51,2015-05-09 16:45:51
,Polarised foreground attitude,Hazard notice,1,false,{},2011-03-03 00:03:46,2011-03-10 00:03:46
,Robust 3rd generation hardware,Hazard notice,1,false,{},2021-12-17 19:54:08,2021-12-24 19:54:08
,Devolved 24/7 methodology,Notice to crew,1,false,{},2019-10-24 21:06:34,
,Enterprise-wide eco-centric installation,Notice to crew,1,false,{},2012-12-25 09:05:32,
,Automated eco-centric forecast,Safety hazard,1,false,{},2020-07-19 02:29:50,2020-07-26 02:29:50
,Sharable didactic budgetary management,Safety hazard,1,true,{},2013-05-30 15:05:43,2013-06-06 15:05:43
,Programmable background hierarchy,Notice to crew,1,false,{},2021-06-27 10:38:13,
,Optional intermediate synergy,Notice to crew,1,false,{},2019-07-22 04:36:06,
,Business-focused client-driven secured line,Hazard notice,1,true,{},2021-05-30 20:12:46,2021-06-06 20:12:46
,Down-sized national structure,Hazard notice,1,true,{},2020-05-14 12:37:12,2020-05-21 12:37:12
,Phased discrete definition,Safety hazard,1,true,{},2019-05-30 02:41:07,2019-06-06 02:41:07
,Ergonomic coherent approach,Safety hazard,1,true,{},2022-02-08 14:43:19,2022-02-15 14:43:19
,Re-contextualized disintermediate circuit,Safety hazard,1,false,{},2008-07-06 09:53:30,2008-07-13 09:53:30
,User-centric directional support,Safety hazard,1,false,{},2014-01-19 14:33:39,2014-01-26 14:33:39
,Organized exuding access,Notice to crew,1,true,{},2020-09-28 10:23:00,
,User-friendly well-modulated firmware,Notice to crew,1,false,{},2019-06-24 11:01:24,
,Sharable dynamic capacity,Notice to crew,1,true,{},2022-08-07 12:35:05,
,Distributed next generation focus group,Safety hazard,1,true,{},2008-10-15 13:54:58,2008-10-22 13:54:58
,Integrated hybrid hierarchy,Safety hazard,1,false,{},2019-05-31 07:24:10,2019-06-07 07:24:10
